{
  "custom_finetuning": {
    "action": {
      "mean": [
        -0.9248197674751282,
        -0.6071268320083618,
        -1.4096461534500122,
        -0.01763192191720009,
        -0.00014064965944271535,
        -0.0017612662632018328,
        0.5550187230110168
      ],
      "std": [
        4.124114513397217,
        3.2742390632629395,
        4.946322441101074,
        0.5305304527282715,
        0.011923928745090961,
        0.013250390067696571,
        0.49699220061302185
      ],
      "max": [
        21.672399520874023,
        17.99489974975586,
        30.401500701904297,
        6.283173084259033,
        0.09632647037506104,
        0.15948644280433655,
        1.0
      ],
      "min": [
        -28.912599563598633,
        -22.906999588012695,
        -25.35810089111328,
        -6.283012390136719,
        -0.078822560608387,
        -0.20940285921096802,
        0.0
      ],
      "q01": [
        -14.32069501876831,
        -10.805964946746826,
        -13.404254865646362,
        -0.02351124361157417,
        -0.0317319193854928,
        -0.04211592990905046,
        0.0
      ],
      "q99": [
        10.946754741668714,
        8.694420242309574,
        12.63969979286195,
        0.023717627674341223,
        0.03531490601599217,
        0.03629865907132627,
        1.0
      ],
      "mask": [
        true,
        true,
        true,
        true,
        true,
        true,
        false
      ]
    },
    "proprio": {
      "mean": [
        0.0,
        0.0,
        0.0,
        0.0,
        0.0,
        0.0,
        0.0
      ],
      "std": [
        0.0,
        0.0,
        0.0,
        0.0,
        0.0,
        0.0,
        0.0
      ],
      "max": [
        0.0,
        0.0,
        0.0,
        0.0,
        0.0,
        0.0,
        0.0
      ],
      "min": [
        0.0,
        0.0,
        0.0,
        0.0,
        0.0,
        0.0,
        0.0
      ],
      "q01": [
        0.0,
        0.0,
        0.0,
        0.0,
        0.0,
        0.0,
        0.0
      ],
      "q99": [
        0.0,
        0.0,
        0.0,
        0.0,
        0.0,
        0.0,
        0.0
      ]
    },
    "num_transitions": 54436,
    "num_trajectories": 391
  }
}